<?xml version="1.0" encoding="UTF-8"?>
<!DOCTYPE suite SYSTEM "https://testng.org/testng-1.0.dtd">
<suite name="Regression" parallel="tests">
    <listeners>
        <listener class-name="com.aventstack.extentreports.testng.listener.ExtentITestListenerClassAdapter"></listener>
    </listeners>
     <test name="MyTest">
     <parameter name="BrowserType" value="Chrome"></parameter>
        <classes>
            <class name="testrunners.TestRunner" />
        </classes>
    </test>
 
    
</suite>
